eth,69181
btc,44789
ltc,36168
xrp,30736
neo,21399
bch,19295
eos,19019
usdt,14935
trx,11495
etc,11489
bnb,7923
dash,7099
ada,6698
xlm,6289
usd,5751
link,4966
xmr,4450
try,3929
iot,3923
eur,3918
cnz,3221
vet,3191
pax,2669
dgb,2658
usdc,2614
omg,2608
gas,2583
bsv,2546
tusd,2495
xvg,2320
strat,2194
pay,2055
bat,1866
doge,1564
qtum,1529
dai,1514
matic,1389
zrx,1380
atom,1320
hot,1280
xem,1232
rep,1193
ht,1089
btt,1049
pfe,1040
aapl,1037
xtz,1025
ont,982
iost,970
miota,966
icx,890
mkr,868
oce,859
tomo,842
snwv,836
rvn,805
qnt,800
tsla,796
zec,766
f,762
wbtc,745
nano,745
msft,738
dag,730
waves,723
win,722
wtc,711
bac,689
endp,682
mth,676
jpm,668
ftm,657
tro,656
enj,653
gcr,649
aion,646
zb,636
crypto,624
fnma,604
dis,574
chk,572
cvsi,571
fb,570
kmd,560
dcr,549
spy,535
twtr,531
t,526
nflx,508
catt,503
ba,503
iote,502
jnj,500
ren,499
fcx,499
nok,498
zil,487
soly,482
orcl,481
daps,479
amzn,476
amd,474
amrn,470
roku,466
ee,461
goog,461
bolt,456
vra,455
lsk,455
olt,454
acb,447
bcc,445
mrk,439
soul,438
mu,437
aer,436
alts,432
vrus,431
cro,430
shmp,428
mana,425
nvda,420
iota,419
vyst,419
algo,414
gd,412
intc,406
smlr,405
b,404
clf,398
bynd,396
ctrm,395
wan,394
tops,390
lci,386
one,383
ava,381
ven,374
aa,371
spok,370
xom,370
ins,367
play,366
s,358
beam,355
vrh,354
abele,353
gme,352
ltcusd,351
sha,349
key,347
aks,339
zod,338
npxs,335
rbnw,335
c,335
abbv,334
jcp,333
abt,333
vz,331
fran,330
apha,328
cmcsa,326
topia,326
wmt,323
bidu,323
hexo,321
trst,321
hpq,317
kcs,310
vtho,310
celr,310
baba,309
ctl,308
cron,302
nwbo,298
nex,295
wft,294
dnt,292
cgc,291
p,290
ppt,290
knc,289
fmcc,289
axp,285
rlc,284
mrns,281
srna,280
snm,279
vsys,278
brd,275
ark,274
qqq,268
instar,267
dusk,262
ge,262
ardx,259
siri,257
kool,257
snx,255
weed,254
chz,253
theta,252
ibm,252
asmb,250
leo,248
btg,247
mco,247
ttcm,247
tlry,247
pctl,247
pm,247
btcusd,246
fcel,245
gluu,241
fet,240
obln,239
drgn,237
nem,233
sc,230
gvt,229
aldr,229
shak,226
jur,225
hpb,224
thc,224
pump,223
rig,223
lly,223
sig,222
laho,221
biib,221
mik,220
wabi,218
tgod,217
prgo,217
cdt,216
blue,216
snap,215
go,214
btm,213
teum,212
akam,211
auy,211
wfc,210
dock,210
xlp,208
amat,205
amgn,205
wpr,204
unh,200
vtc,198
kblb,197
myl,197
manh,196
plr,195
bbby,195
zla,194
opgn,194
alpp,193
enph,193
rlgy,192
spx,190
arsn,190
mro,189
sntvt,188
next,188
crsp,187
stx,186
celg,186
home,185
dcgd,184
irbt,184
arn,184
powr,183
nept,183
kdmn,183
bb,182
clka,181
mdt,181
wll,180
rad,180
mnk,180
nbr,180
vibe,180
kmi,178
tsm,178
cnd,178
gbt,178
gild,178
okb,177
pbyi,177
unp,176
srn,176
andi,176
cat,176
pti,175
ses,175
pbr,174
sbux,174
aoa,173
swav,173
bk,173
r,173
rsii,173
elf,173
patk,173
yuma,172
tndm,172
lend,171
cwnr,171
lun,170
apa,170
xrb,170
hpnn,170
cur,170
iotx,170
hk,169
oncs,169
srne,169
eros,168
coll,168
swm,166
arwr,166
adxs,166
siml,166
ew,166
hsy,165
bcd,164
betr,164
hiph,164
podd,164
osur,164
shop,163
wmb,162
alks,162
anip,161
egrx,161
rf,160
real,160
ardr,159
axe,159
ggp,159
itub,159
acad,159
abx,158
opk,158
sgyp,158
erbb,158
ocn,158
tnb,158
mft,157
xon,156
logc,156
kava,156
bts,155
nvcn,154
alny,154
ziop,154
dgd,153
stmp,153
edit,153
vfrm,152
carb,152
bio,152
ae,151
ions,151
ntla,151
once,151
x,150
bmrn,150
tsro,150
clls,150
rcn,149
sgmo,149
stth,149
work,148
vrab,148
shoo,148
mdr,148
ttoo,147
rdus,147
gusd,146
bcpt,146
rdib,146
wgo,145
poe,145
eng,143
ocean,143
crc,141
cldx,141
mtl,140
mtem,140
cbbt,140
ddd,139
oax,139
uthr,139
glpg,139
rsr,138
ptla,138
xo,136
mona,136
loom,135
cmgo,135
tpay,135
pivx,134
crwd,134
appc,133
fuel,133
bnt,133
googl,133
powi,132
mhk,132
wtrh,131
via,131
qcom,130
tlrd,129
ogi,129
pcg,129
edo,129
cyou,129
ttd,129
ebs,128
fxc,128
nio,128
gsb,128
acas,128
fun,128
xbt,128
rmhr,128
nuls,127
hc,127
nav,126
bngo,125
docu,124
storj,123
cash,123
xnet,123
dlt,122
erd,121
uber,121
tnt,121
jaco,121
hbio,121
data,121
iipr,120
tilt,120
zena,120
hedg,119
boom,119
omi,119
trul,119
mito,119
qsp,118
nebl,117
ethusd,117
sq,117
dswl,117
dslv,116
mda,115
hbar,115
cura,115
biel,114
yrcw,114
hi,114
rpd,114
cxxi,113
nwl,113
med,112
mith,112
icn,112
salt,112
zen,111
nas,111
eem,111
nxttf,110
uxin,110
gsky,110
ncash,110
busd,110
mo,109
sdc,109
akro,108
agi,107
mwat,107
tel,106
cldr,106
pypl,105
nndm,105
inqd,105
tlsa,105
stks,105
bimi,104
gm,104
crox,103
cydy,103
swtx,103
ontx,103
reta,103
big,102
safe,102
ssp,101
pins,101
ast,100
canf,100
ceo,100
dx,100
cach,100
evx,99
nkn,99
vff,98
req,98
awc,97
eca,97
ntgn,97
kpay,96
nexo,96
cbis,96
tn,96
brid,96
cdev,95
ctst,95
flow,95
ostk,95
hn,95
band,95
acst,94
min,94
cgix,94
fsly,93
v,93
qkc,93
adx,92
gnt,92
ost,92
teva,92
cnat,91
sls,91
sbgl,91
inmd,90
qlc,90
vtgn,90
hepa,90
twlo,89
ter,89
ko,89
ghsi,89
pbts,89
steem,88
zmrk,88
xin,88
nxs,88
axxa,88
cvrh,88
agg,87
sgen,87
lto,86
agrx,86
aergo,86
afaik,86
asap,86
cennz,86
plx,85
cc,85
cmt,84
cara,84
rh,84
ayr,84
nnrx,83
acor,83
rrc,83
lrc,83
kcal,83
egt,82
ela,82
man,82
fit,82
sky,82
yriv,82
lk,82
zurvy,82
pla,81
adk,81
nvtr,81
lfap,81
gold,81
etn,81
chr,81
qes,81
vrca,81
lbuy,81
mjar,81
lxrx,81
atis,81
sdrl,80
dmpi,80
infn,80
oas,80
funn,80
crm,78
hon,78
int,78
hmla,77
grs,77
cei,77
ears,77
net,77
cbii,77
ms,77
zts,77
ocgn,77
coup,76
thx,76
lamb,76
mgi,76
sys,76
val,76
coty,76
amb,76
bset,76
ccf,76
fbnc,76
hesm,76
mfv,76
uamy,76
ftrpr,76
nrg,75
jfin,75
cann,75
any,75
bid,75
pten,75
ftft,75
emma,74
wkhs,74
cvc,74
gto,74
love,74
pets,74
era,73
harv,73
dova,73
box,72
trpx,72
mygn,72
maid,71
qep,71
crzo,71
pstv,71
aphd,71
anp,71
labs,71
pgnx,71
txn,71
galt,71
rttr,70
mosy,70
cbl,70
sgma,70
meta,70
bmix,70
mei,70
trdx,70
auri,70
att,70
awsm,69
egle,69
tblt,69
gtii,69
rog,69
be,69
gogo,69
tron,68
dwt,68
nanj,68
rdd,68
sntr,68
gnus,68
hvt,68
vgw,68
zs,68
appz,68
panw,67
zip,67
vive,67
pear,67
run,67
mysz,67
hcsg,67
laix,67
pred,67
grin,66
gxs,66
rgls,66
psti,66
chma,66
aeti,66
fire,66
tup,66
vips,66
syrs,66
poly,65
lyft,65
brst,65
bby,65
ssi,65
trov,65
pzm,65
pvbc,65
llaw,65
tak,65
gwprf,65
xex,64
ft,64
mlhc,64
fusion,64
sfix,64
trnx,63
ubt,63
fyi,63
conn,63
gpor,63
vcel,63
hcat,63
slv,63
maxr,63
sierra,63
biei,63
bxk,62
ankr,62
odp,62
meso,62
bmy,62
bqx,62
xsn,61
ekt,61
poa,61
storm,61
ppc,61
nbev,61
html,61
uvxy,60
mcd,60
ma,60
unfi,60
wpx,60
spwr,60
pdsb,60
abus,60
arst,60
iart,59
abeo,59
nakd,59
ian,59
btzc,59
dnr,59
grub,59
ethbtc,59
bngi,59
usna,59
tmdi,59
tfd,58
perl,58
gevo,58
ten,58
bcn,58
rmsl,58
xbase,58
gmb,58
jagx,58
pls,58
mod,58
ntnx,57
okta,57
vibi,57
scor,57
gs,57
cprx,57
avgo,57
bny,57
ayx,57
cmg,57
oil,57
byoc,57
canb,57
edxc,57
nvax,57
sedg,57
fss,56
xog,56
ntrp,56
vray,56
ehth,56
pump.c,56
ecol,56
vivo,56
plus,56
d,56
sldb,56
rkda,55
kbc,55
now,55
rune,55
autl,55
krfg,55
sbes,55
egcc,55
dyor,55
kiss,55
rng,55
ctlt,55
dcth,55
co,54
fmex,54
se,54
onci,54
akrx,54
mmen,54
gwph,54
visl,54
pbh,54
xun,54
navb,54
uwt,53
tvix,53
stc,53
chs,53
mxm,53
rei,53
dia,53
unrg,53
kshb,53
vib,53
btw,53
corp,53
ct,53
est,53
faq,53
fsc,53
http,53
fsn,53
rdy,53
dht,53
hbt,52
thr,52
res,52
libe,52
aryc,52
sol,52
bonz,52
shldq,52
jit,52
smtp,52
drys,52
ccx,51
anf,51
che,51
air,51
nwbi,51
kaly,51
dent,51
nxt,51
asna,51
vix,51
coke,51
hdii,51
clvs,51
iwm,51
m,51
cnpof,51
algn,51
brb,51
imo,51
mdb,50
ncmi,50
cpe,50
clsd,50
edsa,50
tnxp,50
cl,50
kin,50
scon,50
amag,50
carv,50
twins,50
inb,50
bitc,49
nouv,49
vate,49
loki,49
lhs,49
ntec,49
adbe,49
life,49
hds,49
abbc,49
blz,49
coho,49
cto,49
cloak,49
bax,49
nat,49
pphm,49
mjna,48
nak,48
pays,48
ar,48
dltr,48
ely,48
evio,48
gcan,48
hlf,48
wwr,48
bccx,47
pkg,47
czni,47
pmcb,47
prty,47
pot,47
pei,47
csbr,47
swn,46
kgkg,46
mdc,46
do,46
verb,46
wing,46
vshc,46
gdot,46
seele,46
cfgx,46
yoyo,46
snbr,46
crpt,46
prto,46
cos,45
optt,45
ngtf,45
ll,45
phil,45
ghdx,45
axl,45
aaoi,45
snpw,45
luna,45
eorz,45
tfb,45
csco,45
txhd,45
mexc,45
emh,45
divi,44
gush,44
pirate,44
ttnp,44
ovid,44
ghhc,44
je,44
lrcx,44
ivrc,44
fisof,44
bgt,44
isnpy,44
wfcn,44
noa,44
rgnx,44
spot,44
acrs,44
lthm,44
yec,44
swth,44
prpo,44
vvpr,44
mr,44
grvy,44
gpro,44
zcl,44
cocp,44
cybr,43
xzc,43
phas,43
mitx,43
cocos,43
smhi,43
acnnf,43
vcsy,43
gbp,43
expr,43
bchabc,43
exas,43
utk,43
khc,43
ton,43
trtc,43
shmn,43
amkr,43
giii,42
owcp,42
pir,42
cweb,42
snt,42
fgp,42
mcgi,41
mmex,41
advm,41
sm,41
bdx,41
kem,41
kpti,41
leas,41
nls,41
ausa,41
mrtx,41
mtor,41
sgbx,41
ong,41
sndd,41
bravo,40
grpn,40
kubo,40
ulta,40
mspc,40
lqmt,40
gbtc,40
djia,40
mfgp,40
pg,40
dpww,40
libra,40
igex,40
cvet,40
gld,40
trxc,40
tgt,40
cato,40
nus,40
cost,40
isee,40
znga,39
w,39
mdco,39
nati,39
zumz,39
ftch,39
ha,39
lulu,39
nlg,39
arrr,39
huge,39
silver,39
gnln,39
arav,39
rbz,39
srdp,39
eltp,39
gata,39
rif,38
anab,38
mydx,38
lpt,38
govx,38
miyif,38
fenx,38
scio,38
dbix,38
aal,38
mrna,38
tcan,38
toca,38
ftnw,38
axsm,38
cde,38
bcei,38
joos,37
etp,37
ldsr,37
ugaz,37
met,37
aug,37
ttm,37
oot,37
chx,37
frac,37
qrl,37
wins,37
hrb,37
pton,37
jbzy,37
sesn,37
sxp,37
sgh,37
eltk,36
bgg,36
srpt,36
hd,36
ual,36
bnn,36
usat,36
oled,36
alef,36
tgif,36
hibb,36
celz,36
adt,36
avcn,36
df,36
hash,36
dks,36
tmus,36
achn,36
ewll,36
part,36
cnx,36
pill,36
mgx,36
jd,35
liga,35
igng,35
wdc,35
vmw,35
momo,35
phx,35
slca,35
rrd,35
veev,35
phb,35
aveo,35
tcnnf,35
splk,35
slng,35
mfst,35
tts,35
twoh,35
pfgc,34
paog,34
pwdy,34
ebix,34
vidt,34
etsy,34
nash,34
peck,34
immu,34
jwn,34
tx,34
azn,34
tkn,34
gno,34
trep,34
ant,34
lgndz,34
rarx,34
pacv,33
kync,33
lvgi,33
fles,33
gern,33
yum,33
sipc,33
goig,33
dig,33
vstm,33
cenx,33
agn,33
ubq,33
wl,33
vat,33
gva,33
snna,33
ngcg,33
bpth,33
block,33
ddog,33
ifan,33
gigl,33
acnv,33
i,32
exk,32
boot,32
zm,32
aeri,32
mat,32
pdpr,32
rshn,32
stne,32
gwre,32
blk,32
ne,32
mobi,32
slb,32
oh,32
flo,32
ivc,32
ngn,32
cmrx,32
pgr,32
mcrn,32
TRUE,32
ups,32
qntu,32
book,32
fomx,32
hydro,31
adn,31
mirm,31
sint,31
mdxg,31
fosl,31
dlth,31
sngls,31
keg,31
flks,31
has,31
iris,31
arpa,31
pai,31
mtc,30
scl,30
pfms,30
mxsg,30
bsx,30
payc,30
oils,30
cve,30
sunw,30
mof,30
dgx,30
irdm,30
dmme,30
vapn,30
xau,30
wings,30
wwe,30
txmd,30
meet,30
tal,30
accr,30
cetx,30
eled,30
frzt,30
ford,30
dnax,30
sdusd,30
tao,29
mbn,29
sll,29
anik,29
cvs,29
plug,29
brkk,29
riv,29
pdd,29
mbot,29
ftc,29
lrn,29
ufpi,29
ocp,29
fast,29
bco,29
bht,29
drop,29
ors,29
edr,29
ignis,29
gbyte,29
ssft,29
gyog,29
kgri,28
ggal,28
bhc,28
alt,28
msmy,28
crk,28
xly,28
wday,28
arhh,28
ryam,28
vreo,28
vite,28
burst,28
nos,28
wti,28
a,28
avp,28
ess,28
expe,28
mdgs,28
cs,28
ingn,28
bitusd,28
uaa,28
qnst,28
mgm,28
hlx,28
ndx,28
cnna,28
eght,28
lvca,28
vsto,28
grnf,28
krtx,28
sin,27
clsi,27
phun,27
mcic,27
nete,27
hdsn,27
hbor,27
mmsi,27
jblu,27
urbn,27
mtch,27
nty,27
cl_f,27
ugx,27
pirs,27
myov,27
sun,27
nvs,27
dxcm,27
enggy,27
mnov,27
xfor,27
dnbf,27
gis,27
tfuel,27
nix,27
lmt,27
gtec,27
edg,27
ethos,27
vitae,27
rvlt,27
mgo,27
ppp,27
derm,27
cnst,27
xio,27
nsvgf,27
btmx,26
scvl,26
hmmj,26
gdet,26
aeo,26
admp,26
calm,26
pcli,26
retc,26
hog,26
kn,26
egp,26
bke,26
grimm,26
arql,26
lsl,26
ci,26
auto,26
cmxc,26
cmtl,26
pra,26
lfvn,26
dish,26
blcm,26
psmt,26
dvs,26
pro,26
blo,26
pbbi,26
stm,26
elox,26
nvgt,26
ials,26
dvt,25
wen,25
cdtx,25
avya,25
imgn,25
glbs,25
din,25
pma,25
tvty,25
atvi,25
ww,25
xlnx,25
digaf,25
gnf,25
cvt,25
agra,25
lb,25
lpi,25
hlit,25
twou,25
gmd,25
vlrx,25
ctas,25
ea,25
vgr,25
ageef,25
levi,25
lgnd,25
avlr,25
potn,25
ican,25
xbio,25
ino,25
chgg,25
fct,25
tnk,25
velo,25
smta,25
rfox,24
aca,24
nad,24
brc,24
gfi,24
adnt,24
etb,24
scr,24
apdn,24
jwca,24
acrg,24
kr,24
djf,24
kes,24
tbp,24
ycbd,24
viav,24
snn,24
bzun,24
jbht,24
uri,24
sgmd,24
nke,24
fivn,24
avdl,24
lh,24
dest,24
apl,24
mlnt,24
coop,24
dnli,24
htgc,24
hasi,24
lky,24
chfs,24
etfc,24
plt,24
loco,24
cnc,24
prpl,24
pesx,24
ssys,23
zmw,23
nby,23
avav,23
snmn,23
dgtx,23
yeti,23
gxxm,23
uis,23
ottv,23
zwl,23
cort,23
lgo,23
lscc,23
ua,23
auph,23
nktr,23
iq,23
natr,23
pld,23
vale,23
rigl,23
holo,23
cbds,23
tho,23
mcf,23
mvp,23
gsk,23
feye,23
noah,23
nole,23
cgoc,23
comm,23
zer,23
mksi,23
nim,23
mes,23
xdb,23
krl,23
oncy,23
lpcn,23
exla,23
smar,22
alxn,22
jnug,22
sny,22
bte,22
fizz,22
dpw,22
skx,22
ebay,22
hemp,22
pbio,22
faf,22
tpr,22
sem,22
lgbs,22
nxtc,22
wdexf,22
noia,22
gps,22
xhv,22
bldp,22
mur,22
jmia,22
fitb,22
isrg,22
ipwr,22
orly,22
yelp,22
hal,22
pvdg,22
clr,22
lone,22
amn,22
bcrx,22
stng,22
rdnt,22
lba,22
bhpc,22
mds,22
bcz,22
sbbp,22
sien,22
saml,22
ome,21
ipix,21
zar,21
bwp,21
lrd,21
lyd,21
mad,21
uvu,21
supv,21
hsgx,21
vg,21
cpg,21
gdx,21
tsn,21
rmhb,21
trip,21
fdp,21
dzd,21
tif,21
biph,21
ntes,21
tny,21
farm,21
you,21
nec,21
zel,21
ftr,21
ptn,21
tbph,21
eric,21
ohrp,21
fdx,21
mkc,21
gci,21
fslr,21
nvo,21
logm,21
astc,21
frm,21
vnrx,21
svra,21
uctt,21
pyx,21
tlt,21
cvm,21
vrtx,21
evok,21
fgen,21
ormp,21
syn,21
tk,21
trex,21
qrvo,21
xle,20
pcl,20
burl,20
szl,20
mga,20
lisk,20
skt,20
hype,20
bemg,20
gbr,20
cprt,20
low,20
dbet,20
soli,20
cpx,20
nxpi,20
ntgr,20
cobi,20
vstr,20
cnsl,20
efoi,20
std,20
xaf,20
mzn,20
clny,20
ogen,20
pags,20
defx,20
ctb,20
csi,20
ilmn,20
infy,20
boxl,20
ruhn,20
pura,20
btsc,20
semg,20
noc,20
capr,20
sndl,20
tyo,20
avgr,20
mrmd,20
qlys,20
mpc,20
alex,20
tap,20
innd,20
mgti,20
smh,20
gale,20
heb,20
rxdx,20
imnp,20
imuc,20
mstx,20
pvct,20
skln,20
scmp,20
thld,20
tkai,20
btcp,20
cov,20
cfms,20
pntg,20
pclo,20
fsct,20
es_f,20
ipot,20
rs,20
burg,20
nbud,20
axu,19
ntra,19
sva,19
algt,19
pbi,19
nrth,19
tzs,19
bcci,19
eqt,19
bgne,19
oxm,19
ff,19
fl,19
bif,19
tnd,19
aimt,19
lzb,19
jar,19
ffnt,19
race,19
trul.c,19
htz,19
alb,19
bayn,19
nptn,19
ode,19
nlst,19
gtc,19
aeis,19
cub,19
pri,19
enlv,19
hear,19
free,19
amtd,19
cgro,19
hiti,19
mck,19
anet,19
eon,19
txrh,19
wmgi,19
tecd,18
uve,18
bth,18
kmf,18
spn,18
gh,18
pac,18
dvax,18
o,18
pmpg,18
rdgl,18
eprt,18
nmih,18
ttwo,18
wmd,18
apps,18
uuu,18
dgtw,18
hov,18
ghs,18
sdg,18
xdce,18
sum,18
pure,18
kern,18
azz,18
lad,18
ccs,18
txt,18
lit,18
saex,18
dhr,18
xmx,18
vbiv,18
xag,18
dbd,18
vktx,18
abmd,18
lgcy,18
indu,18
nvc,18
loma,18
act,18
cpt,18
idt,18
vici,18
wba,18
btcs,18
apop,18
pct,18
aaxn,18
rrgb,17
cyh,17
dow,17
aktx,17
evri,17
qtmm,17
cien,17
curr,17
gsx,17
vrsc,17
mrvl,17
huya,17
cwt,17
uplc,17
am,17
bili,17
rwf,17
ntap,17
lvgo,17
lpsn,17
gnbt,17
tcs,17
brdg,17
scc,17
foxf,17
inov,17
pnc,17
dot,17
eve,17
fcsc,17
rock,17
eurusd,17
pcrx,17
schl,17
gnc,17
sqm,17
glw,17
aim,17
utx,17
prgs,17
yndx,17
prob,17
bbt,17
eurn,17
gbc,17
eosdac,17
dta,17
dtr,17
six,17
wdfc,17
bgfv,17
bdsi,17
kbev,17
pnnx,17
llnw,17
cdna,17
amg,17
live,17
hitt,17
aihs,17
atc,16
blmn,16
kgc,16
nuan,16
phot,16
best,16
qd,16
vvv,16
fnko,16
xop,16
trvi,16
kss,16
bgl,16
ern,16
ccj,16
elite,16
drrx,16
slt,16
cars,16
core,16
cnn,16
rost,16
oxy,16
wb,16
spg,16
ftt,16
gt,16
ful,16
nspr,16
abio,16
fg,16
tomob,16
stil,16
alrm,16
dxc,16
hmsy,16
dpz,16
sne,16
cutr,16
sxc,16
bti,16
sgms,16
aprn,16
scs,16
iphi,16
stt,16
rwb,16
dn,16
kzia,16
enta,16
qash,16
shen,16
dvp,16
fhm,16
lvh,16
twj,16
irnc,16
rhe,16
ltm,16
lnth,16
emc,16
eli,16
atnm,16
rok,16
dtgi,16
cisn,16
ondk,16
nxp,16
xrx,16
safex,16
cdlx,16
ico,16
kat,15
rkuny,15
arlo,15
sono,15
bomb,15
aobc,15
ncna,15
oak,15
bcel,15
cndt,15
qban,15
qedn,15
for,15
pvh,15
acrl,15
ande,15
gncp,15
cnab,15
aph,15
ect,15
pstg,15
kwr,15
cog,15
supn,15
plth,15
lmnr,15
regn,15
sfnc,15
plnt,15
choo,15
tivo,15
lvs,15
gsat,15
xpel,15
abg,15
isol,15
imbby,15
juul,15
berk,15
clsk,15
dtea,15
dbx,15
scna,15
cbkc,15
avxl,15
cbs,15
hpr,15
bgs,15
viab,15
inkw,15
uscr,15
tdoc,15
ping,15
kbh,15
deck,15
akca,15
rmrk,15
fteg,15
frlf,15
te,15
bitcny,15
bro,15
flex,15
eton,15
chkp,15
utt,15
mtrx,14
cah,14
plg,14
ibn,14
pgti,14
lens,14
clne,14
brs,14
fsi,14
awx,14
tcrr,14
brqs,14
jctcf,14
cgac,14
tcgn,14
lhhmq,14
eoss,14
basww,14
mstvw,14
qsim,14
exdid,14
skpi,14
taug,14
ncap,14
btrr,14
shlwq,14
imnbq,14
abcaf,14
qsr,14
sava,14
nva,14
rton,14
fn,14
evh,14
swks,14
jdst,14
osir,14
zilla,14
nx,14
kfy,14
cade,14
n,14
cdf,14
bxy,14
mwk,14
sos,14
save,14
sah,14
cdr,14
coti,14
inn,14
efin,14
xxii,14
icon,14
dyme,14
rmbs,14
medp,14
ltcbtc,14
tnc,14
smmt,14
hngr,14
talo,14
bcor,14
ajrd,14
mant,14
spi,14
ctxc,14
rdhl,14
cpst,14
hdb,14
lcii,14
swrm,14
mcig,14
spnd,14
mtfb,14
tgtx,14
loc,14
lite,14
crmt,14
fold,14
brl,14
amc,14
wicc,14
avz,14
krw,14
ltn,14
syy,14
acrgu,14
noahp,14
uni,14
brew,14
jmsb,14
hwke,14
mobq,14
chnc,14
gms,13
gco,13
srci,13
mams,13
cang,13
orgo,13
sens,13
idra,13
lux,13
ivst,13
btc.d,13
pdli,13
le,13
atus,13
bita,13
ivr,13
dsla,13
plan,13
foe,13
amrx,13
chef,13
oc,13
hcc,13
ecte,13
rcii,13
gasl,13
wpg,13
rc,13
gbx,13
sonm,13
altr,13
xyo,13
ospn,13
xpo,13
czr,13
wu,13
egbn,13
gff,13
ags,13
on,13
arr,13
prft,13
rlty.u,13
tube,13
rtn,13
ibp,13
hiiq,13
camp,13
ktb,13
pnat,13
igpk,13
seco,13
abcb,13
ango,13
manu,13
ethpad,13
ofix,13
fusz,13
drus,13
isbg,13
eaph,13
hmny,13
ftnt,13
boss,13
emr,13
bft,13
bos,13
bbd,13
dax,13
jrvr,13
epd,13
rlmd,13
bjri,13
dtss,13
sero,13
pii,13
aroc,13
owt,12
hit,12
adc,12
eqlb,12
ngd,12
osc,12
stz,12
apis,12
rglg,12
rsau,12
ntrr,12
glt,12
kirk,12
smart,12
tnav,12
agtc,12
apyp,12
llli,12
jada,12
geth,12
uba,12
ekso,12
uso,12
bix,12
ctrp,12
hpe,12
vrtv,12
fnd,12
intu,12
fro,12
unit,12
cytk,12
nov,12
pvg,12
onb,12
in,12
casy,12
ttgt,12
pru,12
team,12
akba,12
amrs,12
pep,12
nymt,12
adtn,12
ego,12
ipg,12
cmd,12
fas,12
puk,12
schw,12
bx,12
usb,12
apls,12
tigr,12
gnl,12
ufi,12
apog,12
mix,12
unt,12
ruth,12
xwc,12
abtx,12
jbl,12
ravn,12
tse,12
ichr,12
insm,12
gpi,12
sprv,12
anwwq,12
cavr,12
ftws,12
lhx,12
shnd,12
tpc,12
coss,12
mrtn,12
alrn,12
casa,12
mxl,12
gtls,12
vrns,12
ksu,12
ajm,12
tgp,12
atnx,12
rmd,12
ever,12
dva,12
tdc,12
etm,12
ethbnt,12
eyeg,12
wbet,11
arci,11
cwh,11
jasn,11
z,11
csii,11
pey,11
vrnt,11
tg,11
ese,11
rwt,11
ikto,11
mmdm,11
drh,11
cohu,11
ccl,11
sup,11
tie,11
cpri,11
sto,11
ung,11
tmst,11
bkng,11
romj,11
bamm,11
pi,11
tufn,11
bud,11
len,11
wax,11
dnjr,11
ads,11
mini,11
flr,11
hmy,11
hzo,11
ezpw,11
hook,11
l,11
epay,11
tbk,11
ndva,11
moh,11
mtrn,11
lyg,11
cldp,11
usmj,11
gblx,11
pinc,11
bbcp,11
tdryf,11
rl,11
amr,11
bj,11
tjx,11
ibio,11
merc,11
dgaz,11
plpl,11
san,11
fang,11
antm,11
soxl,11
orbs,11
hyc,11
asrt,11
dwdp,11
mmm,11
sre,11
pny,11
we,11
ntbc,11
wab,11
bld,11
credo,11
bznt,11
gnx,11
bto,11
etrn,11
sanm,11
kos,11
oii,11
ret,11
asur,11
kra,11
chtr,11
vmsi,11
cvna,11
fone,11
fldm,11
shw,11
gxy,11
enr,11
lxx,11
treos,11
mtnb,11
nvee,11
zag,11
roic,10
flxs,10
ctrc,10
dmac,10
hsn,10
labd,10
nssc,10
jfu,10
hl,10
qtt,10
paso,10
insy,10
mreo,10
dust,10
himx,10
riot,10
beat,10
evi,10
ifrx,10
saic,10
onion,10
waf,10
tsem,10
gsm,10
adsk,10
sjm,10
dell,10
bas,10
sncr,10
mdla,10
mcft,10
tlra,10
jw.a,10
crsm,10
clsh,10
mmnff,10
expo,10
gpre,10
chwy,10
cent,10
echo,10
uct,10
drip,10
www,10
ally,10
asml,10
aaon,10
cts,10
star,10
choof,10
xhr,10
idex,10
sji,10
jpy,10
mym,10
eye,10
nxrt,10
nlnk,10
matw,10
bp,10
neog,10
trib,10
vape,10
fbm,10
xdn,10
xbtusd,10
ensg,10
csod,10
ttmi,10
artx,10
nog,10
ygyi,10
vsi,10
cnhc,10
mara,10
sprwf,10
bioaq,10
pssi,10
mcoa,10
whr,10
tti,10
recn,10
ari,10
cbm,10
vsm,10
vhc,10
lkco,10
gbpusd,10
bay,10
short,10
nrz,10
befx,10
strata,10
ship,10
idrt,10
lnbtc,10
sstk,10
mcy,10
angi,10
snk,10
musa,10
vrex,10
athm,10
dtil,10
nsys,10
vxg,10
ash,10
alg,9
amba,9
insg,9
tgodf,9
nugt,9
ag,9
uslv,9
hain,9
hcr,9
ges,9
cxo,9
mchp,9
till,9
rbii,9
solo,9
cdix,9
qure,9
lxp,9
eb,9
extr,9
sai,9
pdn,9
mrc,9
dal,9
amrh,9
neobtc,9
gcp,9
ether,9
bep,9
vx,9
hush,9
alyi,9
apru,9
tpre,9
en,9
jag,9
exel,9
omcl,9
ldl,9
newr,9
tile,9
knsl,9
slm,9
jks,9
cdw,9
plce,9
tol,9
ecor,9
asa,9
irt,9
au,9
tino,9
csx,9
fhn,9
rnn,9
ffiv,9
h,9
aste,9
pk,9
syke,9
iivi,9
abev,9
drad,9
atls,9
trig,9
wldcf,9
appl,9
alk,9
pcty,9
ait,9
bhp,9
cgrw,9
cosmos,9
oil.c,9
mll,9
nr,9
lbc,9
trst.to,9
bios,9
tenb,9
amt,9
hcmc,9
shlo,9
azre,9
spcb,9
tmdx,9
livx,9
renn,9
crws,9
indb,9
egov,9
cbu,9
btu,9
own,9
cpc,9
tky,9
unvc,9
ccrn,9
iova,9
mux,9
soxs,9
ppcb,9
nmus,9
sglb,9
gcgx,9
dvlp,9
hihi,9
ohgi,9
devm,9
ndev,9
veri,9
rht,9
alna,9
biol,9
rgr,9
goro,9
eurs,9
dmt,9
zyxi,9
mye,9
mnro,9
eypt,9
dre,9
avb,9
dixiu,9
atea,9
rlby,9
dyn,9
ceos,9
abc,9
khrn,9
vnet,9
gap,9
bmi,9
crus,9
cci,9
alis,9
hum,9
nq_f,9
gnca,9
sxi,9
smsi,9
jack,9
ame,9
cycn,9
epzm,9
dhi,9
mgln,9
sbh,9
oesx,9
hunk,9
celer,8
mse,8
hvn,8
ggb,8
ffhl,8
nm,8
agys,8
rex,8
wsgf,8
krg,8
hgv,8
elan,8
domo,8
icpt,8
es,8
cldt,8
cnce,8
kl,8
foxa,8
nvta,8
scwx,8
soan,8
rcl,8
pd,8
saia,8
adma,8
ng_f,8
cnwhf,8
cry,8
gfn,8
nee,8
grm,8
arcb,8
lgih,8
newm,8
wter,8
clw,8
pump.v,8
rwrd,8
cop,8
jmu,8
safm,8
wynn,8
curlf,8
ael,8
oso,8
gene,8
itgr,8
hska,8
pufxf,8
hhc,8
cor,8
chrw,8
pc,8
easy,8
nfbk,8
bned,8
hp,8
acn,8
dlr,8
sfbs,8
stml,8
iswh,8
ozsc,8
see,8
crnt,8
avd,8
rpnrf,8
adms,8
igt,8
acls,8
prvb,8
psn,8
urov,8
par,8
catm,8
halo,8
jnsh,8
mt,8
banc,8
ktos,8
hmst,8
spxc,8
oxlc,8
when,8
gbci,8
ammx,8
dnad,8
wwio,8
etfm,8
bbda,8
atvk,8
pgus,8
ammj,8
grnh,8
cana,8
codi,8
digp,8
mdcl,8
mntr,8
mjne,8
nhle,8
oxis,8
prre,8
vprb,8
msrt,8
hoth,8
ctrv,8
xair,8
aan,8
esv,8
dew,8
too,8
chrs,8
cir,8
fvrg,8
sqbg,8
xela,8
mvis,8
zsan,8
pfpt,8
nhtc,8
phttx,8
heat,8
rdn,8
dlpx,8
enva,8
prqr,8
cy,8
dare,8
bmmj,8
cps,8
zeus,8
kre,8
paxg,8
awi,8
wm,8
rezi,8
fti,8
agen,8
atrs,8
spsc,8
car,8
ksc,8
leg,8
tiumu,8
airx,8
alim,8
vlsr,8
lnkd,8
xent,8
brz,8
qrtea,8
mar,8
ifmk,8
chuy,8
flgt,8
gddy,8
nvro,8
spb,8
cree,7
arnc,7
skpo,7
tcel,7
pua,7
hqy,7
mlss,7
tix,7
hcp,7
rnva,7
vrtu,7
jjsf,7
basi,7
stra,7
nnc,7
pahc,7
mndjf,7
fern,7
mgpi,7
zuo,7
gtx,7
igc,7
bcb,7
sar,7
wd,7
osis,7
aspu,7
flt,7
cal,7
acrg.u,7
acan,7
nerv,7
inpx,7
ppbi,7
cvgw,7
srmx,7
mx,7
spin,7
npo,7
fred,7
pe,7
lmnx,7
itci,7
dds,7
cny,7
agfs,7
wts,7
wink,7
xcash,7
fmbl,7
vuzi,7
rsv,7
adi,7
frc,7
nab,7
mgnx,7
zcash,7
quan,7
dji,7
gnmx,7
rbs,7
tgi,7
pzza,7
embi,7
dplo,7
hes,7
clx,7
drg,7
wix,7
taring,7
vrs,7
sent,7
zpt,7
axas,7
et,7
wcp,7
oilu,7
zyne,7
pbf,7
rog.ax,7
paa,7
raven,7
vivo.v,7
crop,7
cern,7
zto,7
diod,7
smp,7
wabc,7
mtp,7
plxs,7
str,7
mtn,7
buzz,7
can,7
rpm,7
plmr,7
meme,7
abil,7
usph,7
spwh,7
wire,7
cme,7
sfio,7
hstm,7
rwlk,7
igmb,7
ubqu,7
bmxi,7
cgra,7
ahix,7
endv,7
iflm,7
icnb,7
xreg,7
clo,7
xbi,7
two,7
rhbby,7
fnb,7
mb,7
ped,7
prsc,7
gthx,7
lpg,7
cdns,7
edu,7
eta,7
ayi,7
tsg,7
atx,7
bdo,7
cbt,7
fteo,7
kldo,7
bbva,7
aemd,7
pfnx,7
mog.a,7
grmn,7
mbt,7
wdr,7
holi,7
lx,7
flxn,7
mc,7
pdfs,7
ipgp,7
cck,7
tpic,7
solve,7
hbi,7
sgdh,7
taco,7
lac,7
aciu,7
kalu,7
pink,7
vcra,7
kref,7
vntr,7
tex,7
ore,7
aapj,7
nsp,7
mtw,7
cosm,7
hsc,7
txrx,7
dffn,7
onvo,7
trvg,7
htbx,7
pgn,7
dgii,7
telos,7
lts,7
wwd,7
gard,7
asln,7
cccx,6
optn,6
seac,6
osn,6
fsb,6
vvi,6
sco,6
doyu,6
snss,6
nsc,6
gom,6
trv,6
ctre,6
dt,6
reli,6
vxx,6
rgs,6
mdjh,6
ng,6
ednt,6
urac,6
appn,6
cday,6
ish,6
blin,6
gaxy,6
grdo,6
ain,6
chd,6
uihc,6
imc,6
ged,6
bam,6
cup,6
mnkd,6
awr,6
ubp,6
wayl,6
onse,6
lksd,6
ueps,6
end,6
asti,6
lvvv,6
fix,6
nbhc,6
parr,6
cyad,6
ceix,6
mos,6
acm,6
nac,6
pdce,6
hrvof,6
aat,6
frgi,6
yi,6
fcpt,6
rpt,6
rub,6
scsc,6
otlk,6
ckh,6
wetf,6
sub,6
sds,6
txg,6
cp,6
snv,6
zbh,6
vxrt,6
fzo,6
aap,6
iop,6
basa,6
mpxdf,6
wmmvy,6
eyccf,6
eqxff,6
ldsyf,6
eigi,6
ceva,6
ftx,6
ext,6
xml,6
luv,6
skyw,6
cbrl,6
hubs,6
tco,6
pwr,6
cnp,6
senno,6
nycb,6
hrtx,6
imbbf,6
dea,6
vlo,6
ipar,6
pxd,6
rez,6
booty,6
opra,6
akr,6
bidl,6
htld,6
myrg,6
xtt,6
ptct,6
altszn,6
swir,6
ofg,6
exls,6
trox,6
bpfh,6
cldc,6
gali,6
jnpr,6
gss,6
emn,6
mj,6
fnsr,6
bhe,6
ahh,6
glob,6
plab,6
ccoi,6
bhlb,6
tmcxw,6
azo,6
kmx,6
info,6
vfc,6
wrb,6
new,6
hpt,6
apei,6
money,6
agy,6
ltr,6
cnmd,6
ssd,6
nwn,6
rcm,6
dava,6
loop,6
crlbf,6
azrx,6
etek,6
psiq,6
wnbd,6
acetq,6
hmpq,6
gbchf,6
vizc,6
spdl,6
agtk,6
ptop,6
pntv,6
vpor,6
ubsfy,6
bks,6
ljpc,6
vtml,6
bsrc,6
rhhby,6
btai,6
gtt,6
dfs,6
ncty,6
saturn,6
uatg,6
aos,6
prsp,6
vicr,6
vrts,6
medx,6
sfet,6
aac,6
spnv,6
arex,6
mho,6
hafc,6
swch,6
czz,6
dspg,6
an,6
lmat,6
gte,6
nice,6
geos,6
geo,6
mmi,6
teck,6
wp,6
sfs,6
akao,6
tpnl,6
sap,6
ath,6
dcn,6
dbvt,6
nihk,6
omhe,6
otcm,6
cetv,6
prtk,6
baw,6
cowpp,6
srdc,6
heme,6
psx,6
ban,6
banano,6
gww,6
vls,6
zion,6
pll,6
fbp,6
rol,6
exm,6
de,6
aqua,6
arvn,6
nmc,6
sbcf,6
ipoa,6
cnet,6
adp,6
tpl,6
vnda,6
cxdo,6
rbbn,6
irwd,6
quad,6
kbr,6
mic,6
tpx,6
hfc,6
habt,6
rexn,6
spaz,6
litio,6
tianqi,6
nmx,6
frta,6
ln,6
rst,6
mict,6
tme,6
drna,6
uno,6
skb,6
slgx,6
zhud,6
embr,6
cpct,6
wsm,6
bry,6
fuv,6
cet,5
krr,5
kucoin,5
swarm,5
afya,5
blrx,5
rcar,5
adus,5
cdl,5
forty,5
invvy,5
jg,5
vtr,5
sqqq,5
btdg,5
tusk,5
oild,5
pte,5
mtdr,5
tgs,5
hayn,5
dci,5
xst,5
aleaf,5
incy,5
eqnr,5
pgy,5
imrn,5
dlph,5
sptn,5
yumc,5
nwe,5
rvr,5
cdx,5
susd,5
yrd,5
wms,5
flwr,5
db,5
ptam,5
light,5
rgen,5
kar,5
msci,5
study,5
aaww,5
rmax,5
reg,5
omer,5
axim,5
nna,5
nsa,5
zn,5
sogo,5
amsf,5
meli,5
alc,5
mdwd,5
sppi,5
phm,5
cj,5
apo,5
stba,5
mlab,5
trhc,5
peri,5
nsit,5
ccmp,5
lkq,5
cbsh,5
ois,5
gb,5
tcehy,5
vnce,5
css,5
soc,5
mtsl,5
jbss,5
hmn,5
terp,5
wern,5
cvbf,5
vst,5
dri,5
ste,5
msm,5
unvr,5
pag,5
how,5
incnt,5
dec,5
gsl,5
eaf,5
eat,5
mtx,5
node,5
gems,5
usou,5
nbtb,5
smpl,5
cvx,5
gol,5
pmy,5
bfs,5
afmd,5
auz,5
neousd,5
colm,5
jbt,5
itri,5
xlmbtc,5
fbc,5
gel,5
mnta,5
hsbc,5
gwb,5
ugas,5
bilzf,5
thrm,5
pmt,5
cag,5
ngc,5
morf,5
oln,5
hsii,5
urgn,5
bgcp,5
hope,5
nxtd,5
pacb,5
qgas,5
grwg,5
bery,5
fmbi,5
plym,5
hpil,5
qpag,5
empm,5
sanp,5
hpmm,5
dlyt,5
davc,5
cvlp,5
tpni,5
fare,5
dlcr,5
ete,5
sfrx,5
mer,5
xspt,5
mtz,5
payx,5
brkr,5
twmc,5
praa,5
spr,5
emu,5
mxim,5
hubg,5
form,5
klic,5
mn,5
gshd,5
gxc,5
idr,5
dcdg,5
iosp,5
cxw,5
xhb,5
mobl,5
avtr,5
tgna,5
crmd,5
inxn,5
hig,5
dxj,5
ewj,5
fxy,5
ibkr,5
hyre,5
reed,5
iret,5
ocul,5
rlh,5
usdjpy,5
cel,5
rdfn,5
ffbc,5
gpk,5
e,5
avt,5
rmmi,5
sow,5
vcan,5
linda,5
hele,5
aqms,5
cmo,5
evtc,5
husa,5
gnrc,5
hst,5
fpay,5
twi,5
arpo,5
igg,5
mplx,5
kop,5
chct,5
petz,5
gpl,5
nhi,5
psv,5
surf,5
asix,5
tcmd,5
bvn,5
gil,5
gntx,5
clir,5
tera,5
stkl,5
asn,5
bntx,5
navi,5
dnkn,5
xlr,5
zagg,5
prlb,5
tium,5
pfs,5
pgny,5
tip,5
nrve,5
tdg,5
tbi,5
cre,5
aray,5
ecmh,5
staa,5
sfm,5
tre,5
spce,5
tenx,5
lhcg,5
cfx,5
getp,5
mwdp,5
eols,5
veco,5
fis,5
mgyn,5
evbg,5
wlh,5
abr,5
bitok,5
xptx,5
cnnc,5
efyt,5
sjcx,5
pr,5
wbc,5
arc,5
ltbc,5
ths,5
slevin,5
syna,5
obsv,5
hmc,5
ui,5
yy,5
uvv,5
hrow,5
torc,5
bsac,5
gem,5
byzn,5
gryo,5
unss,5
smci,5
wafu,5
xet,4
cdai,4
btx,4
bal,4
dgly,4
sins,4
dappt,4
enjin,4
powl,4
uavs,4
atni,4
saft,4
estc,4
eri,4
rkic,4
rdar,4
atwt,4
epaz,4
mhhc,4
hzhi,4
nbwo,4
bmg,4
lope,4
zcn,4
vtvt,4
ori,4
regi,4
vcyt,4
oih,4
pam,4
hci,4
nclh,4
ripple,4
fod,4
jrv,4
aqi,4
bmo,4
uuuu,4
klay,4
seth,4
mas,4
five,4
bns,4
crea,4
cdmo,4
clp,4
tgen,4
kopn,4
phr,4
pcyg,4
rwd,4
eyes,4
hysr,4
xrpusd,4
banr,4
joe,4
pvac,4
hun,4
smg,4
tell,4
mac,4
ctt,4
ioc,4
coda,4
osk,4
tgiff,4
dske,4
xers,4
cad,4
klxe,4
aegn,4
extn,4
dixi.u,4
vndc,4
npx,4
surg,4
hawk,4
mfc,4
pixy,4
cybf,4
g,4
ksm,4
azul,4
hxg,4
kis,4
vlt,4
dan,4
irm,4
clrb,4
aig,4
gtbif,4
cnnt,4
dbc,4
mlhr,4
bysi,4
kmb,4
cg,4
wso,4
abm,4
prom,4
rio,4
lnn,4
upld,4
dat,4
xrc,4
clnc,4
uco,4
brk.b,4
usfd,4
spank,4
erf,4
mct,4
sgd,4
ettx,4
airt,4
naov,4
umrx,4
bttr,4
road,4
chl,4
ilpt,4
ngl,4
ogx,4
wes,4
dfn,4
cof,4
tmp,4
mtsc,4
atra,4
ucbi,4
banca,4
fds,4
tan,4
anss,4
pnm,4
game,4
aqx,4
lxt,4
nvr,4
vrsn,4
jcom,4
dice,4
datx,4
vbtx,4
ihl,4
ima,4
bioc,4
brks,4
gpmt,4
fnmc,4
zg,4
cubi,4
chco,4
rgse,4
trsi,4
cctl,4
ldsi,4
gohe,4
wofa,4
oncx,4
cmim,4
srutf,4
prvcf,4
abnaf,4
lngt,4
advt,4
ffrmf,4
ciix,4
intv,4
ggttf,4
aamc,4
clcl,4
chnvf,4
lwlg,4
afpw,4
vnue,4
xhua,4
gqmnf,4
vplm,4
wdrp,4
psdo,4
very,4
idya,4
neon,4
glxz,4
super,4
ibb,4
cmc,4
psnl,4
goss,4
sbd,4
ihf,4
eqr,4
bl,4
gtn,4
gmre,4
wk,4
swi,4
odt,4
cui,4
pal,4
goos,4
arb,4
rmx,4
sft,4
audc,4
uhs,4
bldr,4
ax,4
utd,4
tmn,4
ing,4
tgod.wt,4
higr,4
ppdf,4
ufcs,4
peb,4
bcs,4
ccxi,4
blsp,4
dac,4
fcf,4
svm,4
csl,4
serv,4
kncusd,4
ptoy,4
ecc,4
jec,4
oi,4
cohr,4
gpn,4
rvlv,4
mrph,4
seci,4
splif,4
swk,4
bank,4
iiin,4
mnst,4
ueec,4
ozk,4
syf,4
glac,4
mstr,4
gliba,4
eqix,4
nmrk,4
dog,4
tmo,4
hmhc,4
oibr.c,4
bcpc,4
mli,4
sivb,4
glad,4
lpx,4
nxgn,4
npk,4
tkp,4
dcom,4
dfin,4
sdr,4
tnet,4
cube,4
keys,4
sitc,4
qun,4
ruff,4
bxc,4
wgp,4
fab,4
pxlw,4
kdce,4
cwir,4
hrrb,4
mmeg,4
asab,4
hrrn,4
dsr,4
qalb,4
wsr,4
fcau,4
mbi,4
md,4
pcy,4
kel,4
tds,4
wifi,4
mtsi,4
inst,4
altz,4
wbt,4
epic,4
mmbf,4
wnc,4
bur.ln,4
ccap.gr,4
qtrx,4
dollar,4
myt,4
cwbhf,4
rty_f,4
zb_f,4
gc_f,4
rut,4
ge_f,4
mitk,4
ccr,4
pvt,4
tdw,4
crr,4
li,4
flnt,4
dgse,4
edn,4
axnx,4
vee,4
gtbp,4
ctk,4
wsg,4
armk,4
sfun,4
krnt,4
rxmd,4
gnpx,4
ckpt,4
spend,4
idefi,4
fkx,3
rnbw,3
wsa,3
netc,3
icd,3
hkn,3
paas,3
rdai,3
sy,3
qhc,3
ypf,3
pvtl,3
mpw,3
siaf,3
vrml,3
kmph,3
tomi,3
forr,3
cpb,3
ntz,3
cers,3
ps,3
sia,3
kof,3
wddmf,3
blvd,3
ortx,3
borr,3
mdp,3
ecdp,3
sirc,3
wpm,3
ara,3
hrtg,3
glre,3
btch,3
adv,3
zmk,3
egan,3
cstl,3
bway,3
jt,3
mop,3
all,3
matx,3
dg,3
wdg,3
lake,3
lpth,3
amrk,3
td,3
itrn,3
hei,3
clwd,3
atge,3
ghl,3
lol,3
mpaa,3
ttph,3
happy,3
laur,3
ohi,3
aldx,3
iphs,3
ttb,3
guard,3
vrrm,3
hfwa,3
crbp,3
epm,3
imxi,3
zixi,3
celh,3
lby,3
qtnt,3
sam,3
trn,3
tsco,3
xper,3
xwp,3
asnd,3
ben,3
bis,3
rti,3
boe,3
cxl,3
dub,3
ares,3
roan,3
aem,3
clm,3
cnhi,3
tph,3
xaj,3
lnk,3
wrld,3
epam,3
wsc,3
trac,3
silc,3
engiy,3
vnx,3
chap,3
exp,3
klac,3
cpsi,3
bchsv,3
syk,3
xcm,3
vvcif,3
cnht,3
iac,3
ip,3
xec,3
mdrx,3
inva,3
lptx,3
tbio,3
kmt,3
dla,3
ambc,3
atlc,3
moon,3
isr,3
scyx,3
pyn,3
iots,3
iqd,3
mdlz,3
lgd,3
celo,3
afl,3
udr,3
irix,3
smtx,3
lila,3
obj,3
tfsl,3
ithuf,3
bilz,3
rec,3
wtm,3
qprc,3
shcay,3
asuuy,3
hwkn,3
mhld,3
dorm,3
gsv,3
tuda,3
relay,3
mue,3
kkr,3
itw,3
xlf,3
wal,3
blgo,3
nvln,3
or,3
pxs,3
cycc,3
aaba,3
dump,3
celgz,3
wog,3
acrgf,3
tecs,3
byc,3
dogz,3
tv,3
cylc,3
eman,3
vle,3
ggii,3
ifxy,3
nulgf,3
brkmy,3
aitx,3
amlh,3
tgro,3
rcgp,3
sign,3
tsoi,3
dsol,3
avoz,3
shdlq,3
knlb,3
amfe,3
rssff,3
csax,3
icptf,3
cpmd,3
umbbf,3
crtl,3
vnnyf,3
stwc,3
esph,3
gbhpf,3
sagd,3
grso,3
pkph,3
uamm,3
blpg,3
mjtk,3
thct,3
cbwtf,3
acwi,3
ewz,3
splv,3
voo,3
beng,3
qmco,3
lvxi,3
kbevf,3
ibgr,3
blusf,3
wldff,3
vivk,3
fsnn,3
upco,3
brtx,3
pxpp,3
gldlf,3
aivi,3
wdbg,3
bcnd,3
bgft,3
ssnt,3
titn,3
cerc,3
fv,3
pop,3
uhb,3
hed,3
ehd,3
esd,3
gifx,3
ttsi,3
xnnhq,3
nbdr,3
ausaf,3
mlyff,3
ictv,3
abce,3
sing,3
myhi,3
vldi,3
sbfm,3
vapr,3
dsgx,3
kdp,3
holx,3
ce,3
smtc,3
schn,3
lyb,3
drq,3
enlc,3
hall,3
gifi,3
sasr,3
svy,3
jef,3
nly,3
vslr,3
svmk,3
esea,3
dapp,3
php,3
metm,3
aur,3
srdx,3
srcl,3
royt,3
lw,3
cac,3
cnxn,3
but,3
opb,3
cio,3
emo,3
sfx,3
opi,3
tast,3
ucm,3
bzh,3
mint,3
foam,3
spd,3
hiw,3
bora,3
cveo,3
wrk,3
nlsn,3
dssi,3
csgs,3
qgen,3
iexec,3
ner,3
slg,3
catb,3
oto,3
pke,3
sxtc,3
glng,3
srra,3
uec,3
acrx,3
grcu,3
ok,3
bmc,3
quot,3
creg,3
iaa,3
drops,3
mcc,3
tt,3
fisv,3
amph,3
vgx,3
math,3
grnq,3
rgld,3
rytm,3
lcc,3
kyd,3
vets,3
oces,3
frt,3
mgen,3
llex,3
cvti,3
sns,3
cfg,3
hep,3
xli,3
grat,3
cma,3
pcar,3
els,3
lomo,3
thor,3
cfr,3
gxx,3
ivz,3
robet,3
spec,3
fwrd,3
cpf,3
eeft,3
axgt,3
dxyn,3
clgx,3
vc,3
ampl,3
etx,3
hban,3
sand,3
lng,3
boil,3
euro,3
wy,3
eix,3
bekb,3
azmt,3
nexs,3
ages,3
glnnf,3
asx,3
china,3
erii,3
nep,3
hg_f,3
crw,3
cold,3
bbar,3
bwk,3
fsddd,3
xmy,3
smph,3
upp,3
kick,3
grc,3
bitg,3
fele,3
hca,3
ampe,3
vida,3
so,3
simo,3
lqwc,3
evcc,3
vcex,3
aten,3
wre,3
aep,3
lhsif,3
epac,3
np,3
amed,3
tpb,3
duk,3
trvn,3
quant,3
kamn,3
eqm,3
dk,3
dvn,3
wtw,3
dnow,3
aqst,3
trup,3
dhx,3
lag,3
beer,3
mtlo,3
mwm,3
mmj,3
seas,3
cbb,3
esi,3
axgn,3
fly,3
zur,3
magn,3
etho,3
pirl,3
reph,3
watt,3
bct,3
huf,3
rito,3
xtzbtc,3
bhd,3
sly,3
ftk,3
stor,3
tm,3
sage,3
erj,3
ctd,3
safs,3
mms,3
fni,3
ppg,3
kppi,3
hlcm,3
wlcon,3
jfc,3
pip,3
nvg,3
iec,3
hrl,3
vjet,2
fsp,2
coins,2
cpa,2
bwa,2
ph,2
sda,2
ski,2
dph,2
tpy,2
dadi,2
tlgt,2
yext,2
iag,2
ugp,2
fsm,2
ards,2
rven,2
vapo,2
iea,2
izea,2
valob,2
plc,2
un,2
sbra,2
set,2
tls,2
ecez,2
rare,2
dakt,2
ssrm,2
revg,2
fmg,2
qbit,2
cepu,2
tmf,2
wavi,2
fnhc,2
eig,2
xro,2
usoil,2
czl,2
asl,2
apt,2
nst,2
atp,2
dxy,2
sb,2
tlos,2
iclk,2
tptx,2
tjs,2
mdl,2
ron,2
bzd,2
peix,2
zilbtc,2
trssf,2
fcfs,2
pen,2
yen,2
kyc,2
twnk,2
jill,2
trtl,2
hrc,2
qom,2
mcash,2
mogu,2
hitif,2
pfsi,2
ppl,2
stg,2
wcvc,2
veil,2
bpt,2
veo,2
prk,2
fleta,2
smti,2
vgwcf,2
hertf,2
newt,2
sasy,2
crvl,2
acer,2
mktx,2
pkr,2
glyc,2
adap,2
blph,2
bnl,2
jkhy,2
viot,2
amcr,2
fanh,2
fst,2
mdu,2
sats,2
bhge,2
estr,2
ach,2
ttec,2
ry,2
bztg,2
amlt,2
ugld,2
nbrv,2
ctxs,2
azpn,2
var,2
amp,2
ptc,2
lob,2
axti,2
cuz,2
rbnc,2
xlb,2
mtg,2
opy,2
ams,2
dcl,2
tw,2
arcc,2
frsx,2
roll,2
brfs,2
pkc,2
seed,2
xrpbtc,2
eadsy,2
brkb,2
sanw,2
hx,2
hhr,2
hae,2
fingf,2
wcc,2
cuk,2
tnp,2
gaia,2
sify,2
dlx,2
atu,2
gdi,2
grow,2
ayt,2
pmr,2
fts,2
modn,2
mlm,2
aqn,2
vest,2
dcgr,2
wtiu,2
doc,2
cool,2
usod,2
usdx,2
wel,2
tj,2
defi,2
udoo,2
toki,2
kdr,2
este,2
ogo,2
get,2
npsny,2
nike,2
tlys,2
vf,2
igms,2
jahm,2
eqh,2
axta,2
fxi,2
jci,2
tether,2
clwt,2
btn,2
hkd,2
imp,2
cco,2
lctx,2
ckb,2
hyg,2
symc,2
tyme,2
ecs,2
medif,2
shh,2
tep,2
cbdy,2
aciw,2
slf,2
ophc,2
cecil,2
xd,2
ati,2
itm,2
spc,2
upx,2
sbac,2
nft,2
vrc,2
evs,2
alog,2
vds,2
agio,2
pfbc,2
lode,2
shit,2
nyn,2
aen,2
agat,2
nupmf,2
ihs,2
synx,2
wprt,2
dynt,2
wor,2
xbtc,2
dpsm,2
dloc,2
sspxf,2
kntnf,2
svvtf,2
nxgwf,2
nsrpf,2
sthc,2
gryn,2
thcbf,2
bwvi,2
mdrpf,2
ffmgf,2
pyrnf,2
smme,2
bopo,2
plwy,2
pwlk,2
undr,2
tglo,2
elgl,2
epeg,2
kred,2
ogzpy,2
fnmas,2
warm,2
gtxo,2
mpucf,2
sbrcy,2
gspe,2
tkoi,2
seoay,2
uoip,2
gegi,2
danr,2
dnrg,2
drng,2
segi,2
hiru,2
xdsl,2
ltsn,2
fsddf,2
knhbf,2
nwgff,2
mrphf,2
boyc,2
maxd,2
idxg,2
unday,2
mln,2
ecpg,2
dav,2
bpl,2
oar,2
ita,2
ntcy,2
rev,2
qrk,2
xmc,2
omr,2
ils,2
rsd,2
uah,2
bdt,2
hr,2
yoyow,2
jazz,2
bloom,2
ltg,2
augur,2
eqc,2
apc,2
arry,2
dero,2
emhtf,2
lndc,2
hxl,2
orbyt,2
carg,2
gmo,2
felp,2
dkk,2
irr,2
nuva,2
avh,2
phio,2
ccrc,2
tatm,2
rcel,2
stsa,2
hrvsf,2
etmc,2
vhs,2
snr,2
meth,2
xmax,2
nnvc,2
ewt,2
cbio,2
colb,2
mrcy,2
aple,2
qbio,2
cay,2
sct,2
ama,2
swftc,2
ltceth,2
ltcbnb,2
env,2
gaby,2
crnc,2
edp,2
cou,2
jgs,2
axlm,2
wcf.be,2
wedxf,2
sngy,2
wafd,2
dct,2
wwb,2
ngm,2
teq,2
cxp,2
aelf,2
maker,2
ttc,2
yinn,2
hnlgf,2
stgpf,2
fprx,2
caovy,2
suhjy,2
warfy,2
difty,2
cli,2
rlj,2
vno,2
isx,2
sndx,2
tezos,2
kpw,2
hls,2
cdk,2
cboe,2
sail,2
top,2
isca,2
tr,2
rada,2
phg,2
hbm,2
esch,2
enz,2
bpmx,2
aker,2
bsgm,2
adny,2
igxt,2
ogrmf,2
mnga,2
igcc,2
ilts,2
fiat,2
jeld,2
glc,2
moac,2
mtex,2
moc,2
pch,2
bf,2
dxpe,2
dbg,2
bdn,2
evrg,2
ryo,2
immp,2
evn,2
puyi,2
qiwi,2
infi,2
rxt,2
eog,2
evnt,2
stld,2
nvus,2
achc,2
jakk,2
afh,2
ewbc,2
ctr,2
pbct,2
kwr.ax,2
adro,2
nsdq,2
amsk,2
tcbi,2
sxt,2
us,2
sgob,2
axaf,2
rvnc,2
fat,2
alv,2
cni,2
sid,2
logi,2
lii,2
sphs,2
ssss,2
aplt,2
ewq,2
apre,2
byd,2
csgp,2
hlt,2
knx,2
bab,2
gomx,2
abb,2
avy,2
gty,2
cowp,2
blt,2
ugc,2
mcs,2
cri,2
isbc,2
brp,2
alle,2
wmtm,2
vgtl,2
adtm,2
bzgt,2
fhai,2
erhe,2
winmq,2
lhao,2
idgc,2
cbdd,2
dddx,2
coin,2
sbsi,2
uht,2
arco,2
bcash,2
hees,2
agfa,2
bitcf,2
gahc,2
ndyn,2
srsp,2
kxis,2
drwn,2
skyf,2
begi,2
torm,2
bpmc,2
aid,2
rvc,2
aon,2
rfm,2
cinf,2
lpla,2
ftv,2
grp.un,2
cmcm,2
turv,2
cvco,2
swt,2
xel,2
uip,2
zrc,2
fo,2
stream,2
eum,2
sxdt,2
bdp,2
polis,2
sense,2
gen,2
utnp,2
bst,2
boa,2
nbc,2
eko,2
ntgl,2
vlrs,2
cstr,2
tree,2
aame,2
lvmh,2
lvmuy,2
bdc,2
zbra,2
smpp,2
mcri,2
faro,2
abcs,2
vey,2
el,2
flws,2
aimc,2
atkr,2
jcs,2
zvo,2
invh,2
zijmf,2
bah,2
cmre,2
pdm,2
epr,2
tihl,2
ssof,2
yolo,2
em,2
pds,2
cnty,2
bll,2
tisi,2
gramm,2
vnom,2
ueic,2
mpay,2
usm,2
asfi,2
cnk,2
jll,2
chh,2
tues,2
allt,2
amrc,2
expd,2
mxmg,2
xncr,2
afi,2
avns,2
pgk,2
gtq,2
xlab,2
nbl,2
vygr,2
sauc,2
rrr,2
onto,2
isolf,2
zbisf,2
cnfr,2
pesi,2
bcom,2
xtc,2
des,2
egas,2
crx,2
fed,2
mob,2
knl,2
anl,2
ltrpa,2
dkgr,2
egem,2
enb,2
msg,2
stwd,2
aee,2
esnt,2
swhc,2
xme,2
xlrn,2
mnc,2
ubsi,2
lkr,2
xas,2
dfrg,2
cgen,2
ctek,2
ugi,2
tril,2
csiq,2
rsls,2
anfi,2
mrin,2
bw,2
txz,2
bcx,2
sphr,2
ssti,2
mime,2
bmx,2
tpvg,2
slp,2
csc,2
cob,2
omni,2
enia,2
mni,2
ocln,2
pln,2
bob,2
why,2
would,2
that,2
xmt,2
esta,2
cwco,2
smt,2
wuba,2
bpmp,2
sxne,2
altm,2
ttu,2
xbb,2
gprk,2
ars,2
bet,2
zno,2
scl.ax,2
adb,2
acat,2
cure,2
mwc,2
knsa,2
alsn,2
pend,2
sr,2
sears,2
ycash,2
bv,2
dmx,2
ooma,2
speak,2
slice,2
trul.cn,2
eps,2
sgnls,2
peak,1
sabr,1
ticker,1
flrn,1
zum,1
cam,1
bsbr,1
fergy,1
veoey,1
gra,1
intl,1
spke,1
rp,1
snd,1
uti,1
sdrc,1
video,1
erc,1
i.am,1
havy,1
msgn,1
vicl,1
pundi,1
brik,1
ooner,1
shi,1
ets,1
uch,1
bydr,1
exl,1
mxc,1
wlo,1
wxt,1
uicide,1
cubv,1
sgsi,1
avm,1
emm,1
inap,1
elling,1
slvp,1
ewg,1
bhvn,1
bga,1
cyb,1
whc,1
more,1
ztx,1
ncnnf,1
stro,1
dxbrf,1
rubi,1
azum,1
send,1
xgs,1
nyex,1
gii,1
lyl,1
olli,1
jwm,1
mgtx,1
nite,1
wtico,1
vne,1
bite,1
dtm,1
gpp,1
sud,1
acb.to,1
ura,1
ujx,1
golos,1
ppy,1
crdw,1
irtc,1
nine,1
pslv,1
inno,1
sigi,1
acia,1
uborno,1
aberia,1
ajg,1
morty,1
btc.x,1
rnx,1
wmwd,1
awe,1
nvet,1
acco,1
trmk,1
ttt,1
cvlb,1
ptnyf,1
bag,1
ladr,1
ppsi,1
caap,1
rtw,1
bpr,1
ndls,1
arw,1
ind,1
axs,1
fi,1
tedu,1
ure,1
hlne,1
axrk,1
bsm,1
ades,1
glo,1
ainv,1
bhf,1
ancn,1
ves,1
ksh,1
inr,1
myr,1
dro,1
tot,1
cwn,1
ndsn,1
smed,1
ryb,1
dpst,1
cyca,1
mbuu,1
ccc,1
ramp,1
hould,1
amio,1
tic,1
cswi,1
ryu,1
celt,1
add,1
kly,1
wmg,1
sugr.wt,1
idng,1
hy,1
wmk,1
prah,1
asgn,1
chdn,1
ggg,1
agnc,1
rusha,1
cybe,1
wcn,1
rjf,1
hert,1
klks,1
remx,1
vcp,1
ccoef,1
bmch,1
elxr,1
sugr,1
xcd,1
carbon,1
zco,1
xad,1
etcg,1
efk,1
axpr,1
natgas,1
cnns,1
fcl,1
pkd,1
coval,1
quik,1
tlk,1
frme,1
lbtya,1
rhp,1
amh,1
wair,1
idxx,1
eno,1
rpx,1
smr,1
jets,1
brka,1
ixth,1
ense,1
rsg,1
out,1
masi,1
nvcr,1
nbix,1
avdr,1
wri,1
mnr,1
hxt,1
roto,1
dos,1
evxbtc,1
bcrh,1
twic,1
sttpe,1
jaggf,1
rllvf,1
gspk,1
evlv,1
ascma,1
kpiff,1
tcx,1
srbcf,1
renx,1
mspg,1
nwhm,1
sfl,1
hone,1
stay,1
mcm,1
pexa,1
zano,1
may,1
mel,1
bdg,1
swtc,1
vid,1
snmp,1
cblk,1
plprf,1
ionc,1
juju,1
fft,1
vito,1
metic,1
redd,1
rmni,1
bcov,1
prta,1
sib,1
ixc,1
imr,1
vri,1
emv,1
eqe,1
byh,1
mbe,1
opc,1
ptx,1
wbe,1
svl,1
mey,1
zdr,1
doct,1
sou,1
lmr,1
making,1
tgc,1
otl,1
emb,1
vhi,1
utah,1
monk,1
bakkt,1
bull,1
tayin,1
hows,1
brv,1
bkt,1
gln,1
gal,1
shutup,1
pxb,1
xlmxbt,1
xlmusd,1
gvxxf,1
fcuuf,1
apex,1
pliff,1
gotto,1
like,1
grfs,1
btr,1
gta,1
cvnt,1
rrbg,1
qldb,1
ncr,1
fg.v,1
eek,1
byn,1
kzt,1
denn,1
drio,1
ntk,1
insp,1
amwd,1
hodl,1
near,1
efa,1
ewy,1
cf,1
rmm,1
ceqp,1
vhy,1
indl,1
lym,1
eif,1
ema,1
ghci,1
appf,1
blkb,1
fmc,1
pxp,1
cwst,1
ens,1
lti,1
auau,1
aezs,1
orcc,1
thnt,1
wck,1
bzn,1
deep,1
fx,1
twx,1
bakkr,1
lte,1
dank,1
hawty,1
ems,1
teal,1
auce,1
iat,1
slyv,1
iyg,1
qmom,1
fm,1
ffty,1
clix,1
thd,1
nya,1
bucks,1
nyse,1
iotex,1
smpt,1
fldc,1
xvx,1
ver,1
ussat,1
gasx,1
trq,1
seel,1
avro,1
omn,1
vist,1
taop,1
prvl,1
naii,1
song,1
rmbl,1
yuan,1
haon,1
vmgi,1
sigo,1
cbri,1
blta,1
gmer,1
eltz,1
bicx,1
etbi,1
dsgt,1
wddd,1
nphc,1
msto,1
euno,1
tga,1
cim,1
tkr,1
urr,1
gio,1
xsg,1
oprt,1
pooky,1
case,1
efx,1
rno,1
zmi,1
wml,1
slz,1
dadh,1
rtc,1
igy,1
sev,1
xgp,1
mfa,1
skip,1
aht,1
waxp,1
sci,1
stacs,1
wave,1
orry,1
dcs,1
altc,1
bsd,1
dgn,1
jarvis,1
weves,1
enji,1
vdrm,1
dsnc,1
rop,1
cacc,1
oon,1
banj,1
btckrw,1
btcxrp,1
sina,1
acgl,1
gkos,1
skys,1
ehic,1
orbk,1
iqv,1
snps,1
qtwo,1
xlu,1
lthn,1
rcus,1
ftec,1
rvxcf,1
htlf,1
kkc,1
tax,1
dol,1
mils,1
lak,1
shp,1
hnl,1
adyx,1
scam,1
txdm,1
capt,1
loot,1
dtl,1
mg,1
chiff,1
etmc.v,1
eemmf,1
djusar,1
xiro,1
ktd,1
evo,1
sya,1
eo,1
hex,1
agrs,1
aehr,1
vie,1
tecl,1
snb,1
uc,1
marlin,1
terra,1
emrals,1
rcnbtc,1
im,1
ons,1
swg,1
rccc,1
gdxj,1
suti,1
nxs.v,1
pay.ca,1
tmhc,1
nlb,1
stem,1
dcix,1
hair,1
hfro,1
mbc,1
una,1
bouy,1
abi,1
pfc,1
swap,1
exfo,1
spice,1
aes,1
matix,1
time,1
edge,1
nymo,1
cere,1
tui,1
sas,1
lha,1
wtr,1
tplm,1
fbr,1
kerx,1
pulm,1
lke,1
gab,1
norw,1
cyrx,1
cnh,1
kpr,1
qcc,1
nre,1
nyld,1
cpah,1
king,1
mler,1
ahfd,1
vrsk,1
ecr,1
espo,1
slgg,1
nerd,1
gmbl,1
aese,1
winr,1
itmc,1
ameh,1
vdg,1
compx,1
inx,1
bbre,1
nrt,1
coe,1
isx.ax,1
big.ax,1
sight,1
sphtx,1
xrt,1
little,1
npc,1
iotw,1
puc,1
bnbusd,1
evc,1
wow,1
fnv,1
smfg,1
safry,1
gnin,1
stb,1
hora,1
uck,1
hipz,1
mbio,1
cris,1
tqqq,1
tss,1
hpw,1
tvpt,1
cx,1
dmy,1
emes,1
dwpd,1
kod,1
klm,1
avance,1
bwlpg,1
hocked,1
lina,1
bz,1
dapps,1
suneq,1
enob,1
aytu,1
tibrw,1
ctxr,1
obmp,1
xrf,1
algon,1
shift,1
rhoc,1
eja,1
adabtc,1
aeon,1
poppy,1
reqbtc,1
ido,1
dau,1
ocsl,1
osg,1
tern,1
sp,1
plow,1
sch,1
mfcc,1
bcv,1
rene,1
notrx,1
spt,1
ktg,1
mtls,1
compq,1
bcii,1
cafs,1
nugs,1
drem,1
ustc,1
vctr,1
dune,1
chilz,1
znn,1
greg,1
lstr,1
lbrt,1
omc,1
ikbr,1
ebase,1
ocial,1
cafe,1
repo,1
neblio,1
mpl,1
jwl,1
atos,1
aol,1
cox,1
placo,1
cwv,1
qch,1
ukg,1
esrt,1
tcon,1
jhx_au,1
hwdn_ln,1
tetha,1
bc,1
mnnk,1
store,1
silk,1
sv,1
exc,1
bbn,1
gpx,1
elt,1
sna,1
prt,1
meb,1
ovl,1
pab,1
vnd,1
hrk,1
jod,1
toc,1
wtfc,1
hcci,1
cns,1
rli,1
tsc,1
umpq,1
caty,1
gsbc,1
fpt,1
long,1
snwp,1
dbmm,1
hlyk,1
aco,1
gysr,1
riwi,1
pnfp,1
hwc,1
npcs,1
alp,1
alute,1
gsc,1
nkm,1
crh,1
be.c,1
total,1
wns,1
cgf,1
mcousd,1
xrpbnb,1
monaco,1
uszny,1
leep,1
lumber,1
ubs,1
ent,1
pecial,1
defeet,1
imgc,1
acc,1
xdm,1
bmrc,1
hyn,1
mbwm,1
gpc,1
mor,1
tomox,1
stxb,1
mpwr,1
fult,1
calx,1
ntb,1
ufcf,1
brzu,1
ndaq,1
tdy,1
fsv,1
bap,1
cm,1
bhkly,1
dbsdy,1
boh,1
bokf,1
cbkpp,1
fcnca,1
ibkc,1
mtb,1
pb,1
sbny,1
ssb,1
sti,1
umbf,1
bxmt,1
main,1
gldi,1
viiv,1
fivepg,1
scape,1
cyxo,1
zionw,1
gigs,1
dxcash,1
cva,1
gnw,1
wbs,1
eth.x,1
krx,1
unf,1
slab,1
pnr,1
cstm,1
silv,1
slno,1
brkl,1
xpi,1
espt,1
fdm,1
epy,1
rci,1
evr,1
nzdusd,1
emx,1
fbhs,1
shld,1
jp,1
xlk,1
evlo,1
zika,1
ipo,1
amda,1
bstc,1
ceru,1
ctic,1
ebio,1
wtic,1
tslaq,1
temco,1
udst,1
lbrda,1
cosbtc,1
bh,1
gtim,1
nath,1
srev,1
cbd,1
fcn,1
flash,1
rocket,1
bchsc,1
frkl,1
mula,1
wsbc,1
maa,1
sigm,1
wgrp,1
slgn,1
ongs,1
npsx,1
lea,1
civb,1
ufs,1
kex,1
esxb,1
sjr,1
hbp,1
igns,1
ivr.ax,1
htb,1
aub,1
jas,1
stocks,1
vldy,1
bmgp,1
bofi,1
rga,1
lsxmk,1
exg,1
tcap,1
athx,1
dcep,1
dcph,1
crcm,1
flsr,1
kosk,1
impv,1
coo,1
smrt,1
lll,1
exr,1
fr,1
psa,1
psb,1
trno,1
vrx,1
psys,1
hma,1
ocr,1
phc,1
txi,1
lxu,1
slng.c,1
ian.c,1
vzla,1
cwen,1
arlp,1
hvt.v,1
jlg,1
zt,1
ptt,1
husl,1
gcc,1
kcash,1
xpm,1
pst,1
kri,1
idh,1
skm,1
csno,1
xspec,1
sta,1
iht,1
hpc,1
qdao,1
amo,1
zuc,1
noku,1
tas,1
erg,1
tcash,1
skch,1
btb,1
xpd,1
crd,1
ovc,1
myst,1
bbk,1
dmd,1
efl,1
cln,1
chat,1
enq,1
sxut,1
pasc,1
vsf,1
nkc,1
orb,1
amon,1
ssc,1
ifc,1
cnus,1
shx,1
wtx,1
cr,1
wat,1
hral,1
geeq,1
moke,1
ir,1
k,1
eme,1
vac,1
nnn,1
txr,1
cchwf,1
bbw,1
pirice,1
ubiq,1
handup,1
st,1
fwdg,1
ymab,1
srx,1
rpai,1
cbz,1
bold,1
rmed,1
cian,1
hta,1
asps,1
asb,1
orbc,1
crto,1
aau,1
oxsq,1
gasbtc,1
fiii,1
edc,1
bbcx,1
adm,1
ntdoy,1
xnv,1
ltsc,1
pki,1
evep,1
srup,1
cyd,1
hpp,1
aphqf,1
ntct,1
elr,1
ue,1
atec,1
fsugy,1
souhy,1
cmclf,1
vedl,1
smmyy,1
fnlpf,1
gmbxf,1
nilsy,1
angpy,1
impuy,1
glncy,1
ngloy,1
crct,1
xspc,1
lix,1
chip,1
ambbtc,1
frecnx,1
agfb,1
bbx,1
ehc,1
pundix,1
cenzz,1
ssnc,1
axahy,1
bku,1
urg,1
ev,1
cyhhz,1
wltw,1
snvp,1
pool,1
efii,1
sbs,1
ktt,1
stag,1
pdiv,1
phbi,1
prlo,1
ptah,1
sigl,1
sstu,1
lyv,1
potx,1
trow,1
amazix,1
vxv,1
bel,1
soon,1
wfm,1
uat,1
cone,1
zap,1
mvl,1
bvs,1
xcet,1
luc,1
dodge,1
beem,1
dart,1
deal,1
pcn,1
baidu,1
lr,1
uua,1
trs,1
rbc,1
prim,1
obe,1
mmyt,1
argx,1
fe,1
sohu,1
spns,1
ibov,1
sek,1
yap,1
cvct,1
sov,1
art,1
duo,1
rdwr,1
swift,1
xpx,1
chib,1
ap,1
bds,1
tef,1
bdrbf,1
dirv,1
lith,1
ionkf,1
achv,1
bynn,1
neu,1
dex,1
xlre,1
oflx,1
hubb,1
mlr,1
mpo,1
nvt,1
pegi,1
whgi,1
pge,1
biot,1
chnr,1
mdca,1
dfbg,1
dov,1
aura,1
xlmbnb,1
xlmeth,1
rads,1
nxps,1
pdl,1
gein,1
cbre,1
enbl,1
cece,1
hznp,1
zyme,1
lc,1
bpy,1
xxom,1
wpc,1
lnc,1
ryn,1
aach,1
ceco,1
arpr,1
crxpf,1
lbtc,1
vpu,1
kbg,1
itt,1
ntus,1
gnm,1
tso,1
upwk,1
rai,1
deo,1
imtl,1
fdmf,1
soum,1
axcg,1
vtnl,1
wntr,1
catv,1
dksc,1
bvtk,1
plsb,1
frfs,1
svte,1
anfe,1
abvg,1
ite,1
omeone,1
tzrop,1
gne,1
ofs,1
acre,1
smlp,1
sdpi,1
neos,1
hcap,1
imv,1
utsi,1
selb,1
intt,1
svc,1
ipr,1
glog,1
nmr,1
vsat,1
mtd,1
tdx,1
ehrt,1
aqd,1
xdai,1
tecken,1
kreets,1
idai,1
gib,1
crl,1
csgo,1
bem,1
crm.a,1
tpg,1
bou,1
smoke,1
wec,1
espr,1
sbgi,1
iii,1
lyts,1
kaba,1
fkp,1
byr,1
nohold,1
kltc,1
dna,1
nyzo,1
bchusd,1
dev,1
sis,1
vetbtc,1
utn,1
ipx,1
cmls,1
myok,1
iff,1
apto,1
cpk,1
apyx,1
icui,1
algrr,1
exy,1
rapt,1
krkr,1
orm,1
ntwk,1
mbrx,1
zfgn,1
cbpx,1
zbtc,1
sea,1
epc,1
agaf,1
brx,1
kim,1
shr,1
shrp,1
evt,1
mtv,1
vctp,1
dogp,1
nhpi,1
utip,1
nka,1
ccan,1
gram,1
aka,1
yayo,1
chess,1
kt,1
diner,1
fnf,1
mmc,1
mcep,1
trp,1
twin,1
pba,1
por,1
amhp,1
atn,1
xcur,1
ipi,1
iclr,1
krz,1
nes,1
apm,1
xauusd,1
qkcbtc,1
kore,1
vcr,1
ardor,1
yusdt,1
hifty,1
lasr,1
per,1
inuv,1
imtv,1
idvv,1
ilus,1
gspi,1
sprn,1
hadv,1
mhtx,1
skvi,1
pzoo,1
aapt,1
opmz,1
mmtif,1
cype,1
iahl,1
olmm,1
groc,1
glmb,1
aexe,1
ahcp,1
prfc,1
bigg,1
pgcx,1
cyur,1
apvs,1
hing,1
raku,1
tuber,1
yzb,1
bee,1
civic,1
fls,1
kts,1
srd,1
clit,1
whackd,1
soit,1
prtp,1
hrms,1
airp,1
avv,1
dlgs,1
btv,1
tntbtc,1
dltbtc,1
pptbtc,1
dq,1
ntic,1
burn,1
hdac,1
hth,1
insw,1
efc,1
yer,1
ccpm,1
mags,1
clsn,1
mei.ax,1
lmrk,1
qts,1
um,1
wyy,1
ngvc,1
qrhc,1
redu,1
osmt,1
csse,1
ieo,1
ril,1
xcoin,1
ipco,1
bitb,1
cabo,1
lbrdk,1
lilak,1
fer,1
soho,1
ftsv,1
bmd,1
qar,1
htg,1
tmt,1
agco,1
fmc.v,1
saf,1
bcc.ax,1
sqns,1
rxn,1
stpt,1
kripto,1
iusdc,1
cusdc,1
deus,1
benji,1
kush,1
log,1
xvs,1
flvr,1
etnb,1
nblx,1
ns,1
rds.a,1
rds.b,1
shlx,1
snde,1
whd,1
pan,1
fhbc,1
npr,1
mxn,1
aud,1
bnd,1
nhl,1
avid,1
fil,1
cccl,1
alqa,1
nmgc,1
ctmx,1
thick,1
drain,1
ass,1
ipdn,1
sblk,1
nbse,1
sxn,1
nnbr,1
adr,1
htgm,1
wtfiq,1
bkr,1
andx,1
apu,1
cqp,1
cvi,1
dcp,1
wrx,1
pxl,1
post,1
gcei,1
lofb,1
xtp,1
paypal,1
venmo,1
repme,1
ttek,1
edap,1
aeye,1
chng,1
cats,1
smts,1
bitit,1
xelb,1
cplg,1
ftek,1
eyen,1
cbpo,1
ambo,1
xsgd,1
snca,1
cih,1
profit,1
btcf,1
bounty,1
bltv,1
grft,1
omb,1
shb,1
xta,1
if,1
peg,1
til,1
dxlg,1
fhl,1
rmr,1
spxu,1
nappy,1
del,1
upt,1
upyen,1
upusd,1
ingle,1
bfg,1
capp,1
tpco,1
hsdt,1
isk,1
jmd,1
pyg,1
fjd,1
bit,1
becn,1
dy,1
anta,1
hmq,1
al,1
wst,1
eventh,1
ix,1
stash,1
tcnx,1
btcv,1
sntv,1
prl,1
sprk,1
crbl,1
qada,1
